,count,mean,std,min,25%,50%,75%,max
CreditScore,10000.0,650.5288,96.<US_BANK_NUMBER>,350.0,584.0,652.0,718.0,850.0
Age,10000.0,38.9218,10.<US_BANK_NUMBER>,18.0,32.0,37.0,44.0,92.0
Tenure,10000.0,5.0128,2.<US_BANK_NUMBER>,0.0,3.0,5.0,7.0,10.0
Balance,10000.0,76485.<US_DRIVER_LICENSE>,62397.<US_BANK_NUMBER>,0.0,0.0,97198.<US_BANK_NUMBER>,<US_DRIVER_LICENSE>.24,<US_DRIVER_LICENSE>.09
NumOfProducts,10000.0,1.5302,0.<US_BANK_NUMBER>,1.0,1.0,1.0,2.0,4.0
HasCrCard,10000.0,0.7055,0.<US_BANK_NUMBER>,0.0,0.0,1.0,1.0,1.0
IsActiveMember,10000.0,0.5151,0.<US_BANK_NUMBER>,0.0,0.0,1.0,1.0,1.0
EstimatedSalary,10000.0,<US_DRIVER_LICENSE>.<US_DRIVER_LICENSE>,57510.<US_BANK_NUMBER>,11.58,51002.11,<US_DRIVER_LICENSE>.915,<US_DRIVER_LICENSE>.2475,<US_DRIVER_LICENSE>.48
Exited,10000.0,0.2037,0.<US_BANK_NUMBER>,0.0,0.0,0.0,0.0,1.0
